{
  "generatedAt": "2026-04-05T06:50:47.636Z",
  "mainDbVersion": "main_v2_plus",
  "embeddingModel": "DMetaSoul/Dmeta-embedding-zh-small",
  "pipelinePresetName": "frontend_research_sync_v1",
  "queryEmbedBatchSize": 16,
  "coldSampleLimit": 1,
  "currentTimestamp": 0,
  "notes": {
    "coreLatency": "warm core latency 仅覆盖 query 已完成预处理与 embedding 后的检索/排序主链。",
    "warmEndToEnd": "warm end-to-end latency 覆盖 query 预处理、embedding 与检索/排序，不含文档抓取、展示重排与结果写盘。",
    "coldStart": "cold-start latency 基于 fresh process 下的单 query 首次请求，覆盖 engine/model load、query 预处理、embedding 与检索/排序。"
  },
  "warmSessionLoadEngineMs": 980.7676,
  "datasets": [
    {
      "datasetKey": "main_bench_120",
      "datasetLabel": "Main",
      "datasetAlias": "gran_main_v2",
      "caseCount": 120,
      "coldSampleIndices": [
        0
      ],
      "warm": {
        "preprocess": {
          "avgMs": 0.18104666666669497,
          "p50Ms": 0.1334999999999127,
          "p95Ms": 0.2622000000001208,
          "minMs": 0.06040000000029977,
          "maxMs": 1.6907000000001062
        },
        "embed": {
          "avgMs": 15.705886666666633,
          "p50Ms": 10.066399999999703,
          "p95Ms": 43.88770000000022,
          "minMs": 4.954799999999523,
          "maxMs": 82.04169999999976
        },
        "retrieval": {
          "avgMs": 101.96101750000003,
          "p50Ms": 93.60930000000008,
          "p95Ms": 153.43989999999985,
          "minMs": 70.73899999999958,
          "maxMs": 239.9630000000002
        },
        "total": {
          "avgMs": 117.84795083333329,
          "p50Ms": 104.24610000000212,
          "p95Ms": 187.64350000000013,
          "minMs": 79.82489999999962,
          "maxMs": 305.16440000000034
        }
      },
      "coldStart": {
        "sampleCount": 1,
        "loadEngine": {
          "avgMs": 622.8993,
          "p50Ms": 622.8993,
          "p95Ms": 622.8993,
          "minMs": 622.8993,
          "maxMs": 622.8993
        },
        "preprocess": {
          "avgMs": 1.222300000000132,
          "p50Ms": 1.222300000000132,
          "p95Ms": 1.222300000000132,
          "minMs": 1.222300000000132,
          "maxMs": 1.222300000000132
        },
        "embed": {
          "avgMs": 20.21029999999996,
          "p50Ms": 20.21029999999996,
          "p95Ms": 20.21029999999996,
          "minMs": 20.21029999999996,
          "maxMs": 20.21029999999996
        },
        "retrieval": {
          "avgMs": 87.59979999999996,
          "p50Ms": 87.59979999999996,
          "p95Ms": 87.59979999999996,
          "minMs": 87.59979999999996,
          "maxMs": 87.59979999999996
        },
        "total": {
          "avgMs": 731.9317000000001,
          "p50Ms": 731.9317000000001,
          "p95Ms": 731.9317000000001,
          "minMs": 731.9317000000001,
          "maxMs": 731.9317000000001
        }
      }
    },
    {
      "datasetKey": "in_domain_holdout_50",
      "datasetLabel": "InDomain",
      "datasetAlias": "gran_in_v2",
      "caseCount": 60,
      "coldSampleIndices": [
        0
      ],
      "warm": {
        "preprocess": {
          "avgMs": 0.13598833333362564,
          "p50Ms": 0.12980000000243308,
          "p95Ms": 0.20230000000083237,
          "minMs": 0.06499999999869033,
          "maxMs": 0.20940000000337022
        },
        "embed": {
          "avgMs": 9.470991666666608,
          "p50Ms": 8.97070000000167,
          "p95Ms": 14.47820000000138,
          "minMs": 5.26339999999982,
          "maxMs": 17.612499999999272
        },
        "retrieval": {
          "avgMs": 85.49028666666685,
          "p50Ms": 85.91670000000158,
          "p95Ms": 98.95600000000195,
          "minMs": 64.82330000000002,
          "maxMs": 105.57129999999961
        },
        "total": {
          "avgMs": 95.09726666666708,
          "p50Ms": 94.88460000000123,
          "p95Ms": 109.16159999999945,
          "minMs": 71.67159999999785,
          "maxMs": 114.46669999999358
        }
      },
      "coldStart": {
        "sampleCount": 1,
        "loadEngine": {
          "avgMs": 635.1901000000001,
          "p50Ms": 635.1901000000001,
          "p95Ms": 635.1901000000001,
          "minMs": 635.1901000000001,
          "maxMs": 635.1901000000001
        },
        "preprocess": {
          "avgMs": 1.6230000000000473,
          "p50Ms": 1.6230000000000473,
          "p95Ms": 1.6230000000000473,
          "minMs": 1.6230000000000473,
          "maxMs": 1.6230000000000473
        },
        "embed": {
          "avgMs": 22.295399999999972,
          "p50Ms": 22.295399999999972,
          "p95Ms": 22.295399999999972,
          "minMs": 22.295399999999972,
          "maxMs": 22.295399999999972
        },
        "retrieval": {
          "avgMs": 120.78089999999997,
          "p50Ms": 120.78089999999997,
          "p95Ms": 120.78089999999997,
          "minMs": 120.78089999999997,
          "maxMs": 120.78089999999997
        },
        "total": {
          "avgMs": 779.8894000000001,
          "p50Ms": 779.8894000000001,
          "p95Ms": 779.8894000000001,
          "minMs": 779.8894000000001,
          "maxMs": 779.8894000000001
        }
      }
    },
    {
      "datasetKey": "external_ood_50",
      "datasetLabel": "ExtOOD",
      "datasetAlias": "gran_ext_v2",
      "caseCount": 60,
      "coldSampleIndices": [
        0
      ],
      "warm": {
        "preprocess": {
          "avgMs": 0.12873333333342696,
          "p50Ms": 0.12659999999959837,
          "p95Ms": 0.17629999999917345,
          "minMs": 0.06769999999960419,
          "maxMs": 0.20900000000256114
        },
        "embed": {
          "avgMs": 9.17240833333332,
          "p50Ms": 8.798900000001595,
          "p95Ms": 12.082899999997608,
          "minMs": 4.6599999999998545,
          "maxMs": 16.897699999997712
        },
        "retrieval": {
          "avgMs": 84.52441000000017,
          "p50Ms": 83.66340000000127,
          "p95Ms": 98.0480000000025,
          "minMs": 68.12329999999929,
          "maxMs": 109.0564000000013
        },
        "total": {
          "avgMs": 93.82555166666693,
          "p50Ms": 92.27920000000086,
          "p95Ms": 107.9509999999973,
          "minMs": 75.29379999999946,
          "maxMs": 122.19370000000708
        }
      },
      "coldStart": {
        "sampleCount": 1,
        "loadEngine": {
          "avgMs": 581.5665,
          "p50Ms": 581.5665,
          "p95Ms": 581.5665,
          "minMs": 581.5665,
          "maxMs": 581.5665
        },
        "preprocess": {
          "avgMs": 1.409400000000005,
          "p50Ms": 1.409400000000005,
          "p95Ms": 1.409400000000005,
          "minMs": 1.409400000000005,
          "maxMs": 1.409400000000005
        },
        "embed": {
          "avgMs": 21.27060000000006,
          "p50Ms": 21.27060000000006,
          "p95Ms": 21.27060000000006,
          "minMs": 21.27060000000006,
          "maxMs": 21.27060000000006
        },
        "retrieval": {
          "avgMs": 112.69270000000006,
          "p50Ms": 112.69270000000006,
          "p95Ms": 112.69270000000006,
          "minMs": 112.69270000000006,
          "maxMs": 112.69270000000006
        },
        "total": {
          "avgMs": 716.9392000000001,
          "p50Ms": 716.9392000000001,
          "p95Ms": 716.9392000000001,
          "minMs": 716.9392000000001,
          "maxMs": 716.9392000000001
        }
      }
    }
  ]
}