{
  "generatedAt": "2026-04-05T07:02:25.180Z",
  "mainDbVersion": "main_v2_plus",
  "embeddingModel": "DMetaSoul/Dmeta-embedding-zh-small",
  "pipelinePresetName": "frontend_research_sync_v1",
  "queryEmbedBatchSize": 16,
  "coldSampleLimit": 5,
  "currentTimestamp": 0,
  "notes": {
    "coreLatency": "warm core latency 仅覆盖 query 已完成预处理与 embedding 后的检索/排序主链。",
    "warmEndToEnd": "warm end-to-end latency 覆盖 query 预处理、embedding 与检索/排序，不含文档抓取、展示重排与结果写盘。",
    "coldStart": "cold-start latency 基于 fresh process 下的单 query 首次请求，覆盖 engine/model load、query 预处理、embedding 与检索/排序。"
  },
  "warmSessionLoadEngineMs": 565.3242,
  "datasets": [
    {
      "datasetKey": "main_bench_120",
      "datasetLabel": "Main",
      "datasetAlias": "gran_main_v2",
      "caseCount": 120,
      "coldSampleIndices": [
        0,
        24,
        48,
        72,
        96
      ],
      "warm": {
        "preprocess": {
          "avgMs": 0.13967500000005847,
          "p50Ms": 0.12310000000070431,
          "p95Ms": 0.19679999999971187,
          "minMs": 0.06370000000060827,
          "maxMs": 1.165100000000166
        },
        "embed": {
          "avgMs": 8.101107499999987,
          "p50Ms": 7.7775000000001455,
          "p95Ms": 11.316100000000006,
          "minMs": 4.907799999999952,
          "maxMs": 17.32269999999994
        },
        "retrieval": {
          "avgMs": 77.19720499999994,
          "p50Ms": 76.45129999999972,
          "p95Ms": 84.82130000000006,
          "minMs": 57.88920000000053,
          "maxMs": 136.15260000000012
        },
        "total": {
          "avgMs": 85.43798749999998,
          "p50Ms": 84.47440000000006,
          "p95Ms": 95.1356999999989,
          "minMs": 64.7449000000006,
          "maxMs": 144.81590000000006
        }
      },
      "coldStart": {
        "sampleCount": 5,
        "loadEngine": {
          "avgMs": 539.01648,
          "p50Ms": 531.0999,
          "p95Ms": 568.431,
          "minMs": 521.6718000000001,
          "maxMs": 568.431
        },
        "preprocess": {
          "avgMs": 1.3295000000000072,
          "p50Ms": 1.3459000000000287,
          "p95Ms": 1.4169999999999163,
          "minMs": 1.2355000000000018,
          "maxMs": 1.4169999999999163
        },
        "embed": {
          "avgMs": 19.950900000000026,
          "p50Ms": 19.689499999999953,
          "p95Ms": 23.264400000000023,
          "minMs": 18.119699999999966,
          "maxMs": 23.264400000000023
        },
        "retrieval": {
          "avgMs": 98.79651999999996,
          "p50Ms": 97.6918999999998,
          "p95Ms": 110.1703,
          "minMs": 85.84130000000005,
          "maxMs": 110.1703
        },
        "total": {
          "avgMs": 659.0934,
          "p50Ms": 655.4634,
          "p95Ms": 683.9991,
          "minMs": 627.0138000000002,
          "maxMs": 683.9991
        }
      }
    },
    {
      "datasetKey": "in_domain_holdout_50",
      "datasetLabel": "InDomain",
      "datasetAlias": "gran_in_v2",
      "caseCount": 60,
      "coldSampleIndices": [
        0,
        12,
        24,
        36,
        48
      ],
      "warm": {
        "preprocess": {
          "avgMs": 0.12361000000000785,
          "p50Ms": 0.12210000000050059,
          "p95Ms": 0.17840000000069267,
          "minMs": 0.07479999999850406,
          "maxMs": 0.20329999999739812
        },
        "embed": {
          "avgMs": 8.980515000000015,
          "p50Ms": 8.264100000000326,
          "p95Ms": 13.395000000000437,
          "minMs": 5.300500000001193,
          "maxMs": 21.127400000001217
        },
        "retrieval": {
          "avgMs": 79.75053333333327,
          "p50Ms": 79.05919999999969,
          "p95Ms": 92.54209999999875,
          "minMs": 60.76469999999972,
          "maxMs": 104.94259999999849
        },
        "total": {
          "avgMs": 88.85465833333328,
          "p50Ms": 88.73509999999806,
          "p95Ms": 102.06490000000122,
          "minMs": 67.69770000000062,
          "maxMs": 116.17829999999958
        }
      },
      "coldStart": {
        "sampleCount": 5,
        "loadEngine": {
          "avgMs": 559.00794,
          "p50Ms": 559.8910000000001,
          "p95Ms": 585.7673000000001,
          "minMs": 537.4148,
          "maxMs": 585.7673000000001
        },
        "preprocess": {
          "avgMs": 1.434019999999964,
          "p50Ms": 1.3536999999998898,
          "p95Ms": 1.7835999999999785,
          "minMs": 1.2139999999999418,
          "maxMs": 1.7835999999999785
        },
        "embed": {
          "avgMs": 18.79354000000003,
          "p50Ms": 19.121900000000096,
          "p95Ms": 21.008000000000038,
          "minMs": 14.82120000000009,
          "maxMs": 21.008000000000038
        },
        "retrieval": {
          "avgMs": 97.40870000000004,
          "p50Ms": 101.91280000000006,
          "p95Ms": 106.8904,
          "minMs": 83.54629999999997,
          "maxMs": 106.8904
        },
        "total": {
          "avgMs": 676.6442000000001,
          "p50Ms": 682.8235,
          "p95Ms": 699.6827000000002,
          "minMs": 636.9963,
          "maxMs": 699.6827000000002
        }
      }
    },
    {
      "datasetKey": "external_ood_50",
      "datasetLabel": "ExtOOD",
      "datasetAlias": "gran_ext_v2",
      "caseCount": 60,
      "coldSampleIndices": [
        0,
        12,
        24,
        36,
        48
      ],
      "warm": {
        "preprocess": {
          "avgMs": 0.12894333333406394,
          "p50Ms": 0.12380000000121072,
          "p95Ms": 0.17450000000098953,
          "minMs": 0.07419999999910942,
          "maxMs": 0.19030000000202563
        },
        "embed": {
          "avgMs": 8.708999999999833,
          "p50Ms": 8.483299999999872,
          "p95Ms": 11.023299999993469,
          "minMs": 5.219600000000355,
          "maxMs": 12.78639999999723
        },
        "retrieval": {
          "avgMs": 81.41158166666652,
          "p50Ms": 81.15699999999924,
          "p95Ms": 88.61789999999746,
          "minMs": 70.30770000000484,
          "maxMs": 105.41820000000007
        },
        "total": {
          "avgMs": 90.24952500000042,
          "p50Ms": 89.9832000000024,
          "p95Ms": 97.29239999999118,
          "minMs": 79.70230000000447,
          "maxMs": 115.32420000000275
        }
      },
      "coldStart": {
        "sampleCount": 5,
        "loadEngine": {
          "avgMs": 537.6266400000001,
          "p50Ms": 542.9096999999999,
          "p95Ms": 546.1039,
          "minMs": 526.6125,
          "maxMs": 546.1039
        },
        "preprocess": {
          "avgMs": 1.4957000000000107,
          "p50Ms": 1.5097000000000662,
          "p95Ms": 2.0239999999998872,
          "minMs": 1.0697999999999865,
          "maxMs": 2.0239999999998872
        },
        "embed": {
          "avgMs": 19.79502000000007,
          "p50Ms": 20.467200000000048,
          "p95Ms": 21.951000000000022,
          "minMs": 15.329200000000128,
          "maxMs": 21.951000000000022
        },
        "retrieval": {
          "avgMs": 103.15569999999998,
          "p50Ms": 103.0958999999998,
          "p95Ms": 109.09809999999993,
          "minMs": 97.41020000000003,
          "maxMs": 109.09809999999993
        },
        "total": {
          "avgMs": 662.07306,
          "p50Ms": 664.2525000000005,
          "p95Ms": 673.5447999999999,
          "minMs": 646.3393000000002,
          "maxMs": 673.5447999999999
        }
      }
    }
  ]
}