{
  "generatedAt": "2026-04-06T07:46:11.970Z",
  "mainDbVersion": "main_v2_plus",
  "embeddingModel": "DMetaSoul/Dmeta-embedding-zh-small",
  "pipelinePresetName": "frontend_research_sync_v1",
  "queryEmbedBatchSize": 16,
  "coldSampleLimit": 5,
  "currentTimestamp": 0,
  "notes": {
    "coreLatency": "warm core latency 仅覆盖 query 已完成预处理与 embedding 后的检索/排序主链。",
    "warmEndToEnd": "warm end-to-end latency 覆盖 query 预处理、embedding 与检索/排序，不含文档抓取、展示重排与结果写盘。",
    "coldStart": "cold-start latency 基于 fresh process 下的单 query 首次请求，覆盖 engine/model load、query 预处理、embedding 与检索/排序。"
  },
  "warmSessionLoadEngineMs": 625.2171000000001,
  "datasets": [
    {
      "datasetKey": "main_bench_120",
      "datasetLabel": "Main",
      "datasetAlias": "gran_main_v2",
      "caseCount": 120,
      "coldSampleIndices": [
        0,
        24,
        48,
        72,
        96
      ],
      "warm": {
        "preprocess": {
          "avgMs": 0.1541816666666193,
          "p50Ms": 0.13409999999930733,
          "p95Ms": 0.23770000000058644,
          "minMs": 0.07669999999961874,
          "maxMs": 1.4196999999999207
        },
        "embed": {
          "avgMs": 9.936787499999971,
          "p50Ms": 8.870100000000093,
          "p95Ms": 17.44720000000052,
          "minMs": 5.352600000000166,
          "maxMs": 37.57510000000002
        },
        "retrieval": {
          "avgMs": 90.2553241666667,
          "p50Ms": 87.70060000000012,
          "p95Ms": 113.28289999999993,
          "minMs": 65.26249999999982,
          "maxMs": 129.70990000000006
        },
        "total": {
          "avgMs": 100.34629333333329,
          "p50Ms": 96.27999999999884,
          "p95Ms": 125.58519999999976,
          "minMs": 73.01329999999962,
          "maxMs": 140.78070000000025
        }
      },
      "coldStart": {
        "sampleCount": 5,
        "loadEngine": {
          "avgMs": 622.1872999999999,
          "p50Ms": 623.5999,
          "p95Ms": 633.4118,
          "minMs": 611.4216999999999,
          "maxMs": 633.4118
        },
        "preprocess": {
          "avgMs": 1.4411000000000513,
          "p50Ms": 1.3911000000000513,
          "p95Ms": 1.9307000000001153,
          "minMs": 1.2019999999999982,
          "maxMs": 1.9307000000001153
        },
        "embed": {
          "avgMs": 21.503520000000027,
          "p50Ms": 21.492099999999937,
          "p95Ms": 23.409900000000107,
          "minMs": 19.9212,
          "maxMs": 23.409900000000107
        },
        "retrieval": {
          "avgMs": 119.31876000000003,
          "p50Ms": 123.4339,
          "p95Ms": 136.2095999999999,
          "minMs": 90.06330000000003,
          "maxMs": 136.2095999999999
        },
        "total": {
          "avgMs": 764.45068,
          "p50Ms": 762.0039999999999,
          "p95Ms": 791.1373,
          "minMs": 738.5351000000002,
          "maxMs": 791.1373
        }
      }
    },
    {
      "datasetKey": "in_domain_holdout_50",
      "datasetLabel": "InDomain",
      "datasetAlias": "gran_in_v2",
      "caseCount": 60,
      "coldSampleIndices": [
        0,
        12,
        24,
        36,
        48
      ],
      "warm": {
        "preprocess": {
          "avgMs": 0.16834999999997916,
          "p50Ms": 0.12529999999969732,
          "p95Ms": 0.20630000000164728,
          "minMs": 0.08420000000114669,
          "maxMs": 2.2216999999982363
        },
        "embed": {
          "avgMs": 10.638993333333323,
          "p50Ms": 9.563900000001013,
          "p95Ms": 14.497400000000198,
          "minMs": 5.4887000000017,
          "maxMs": 50.72320000000036
        },
        "retrieval": {
          "avgMs": 89.9436183333332,
          "p50Ms": 87.57999999999811,
          "p95Ms": 111.39359999999942,
          "minMs": 69.8721000000005,
          "maxMs": 125.33380000000034
        },
        "total": {
          "avgMs": 100.7509616666665,
          "p50Ms": 98.22330000000147,
          "p95Ms": 125.02599999999802,
          "minMs": 78.08640000000014,
          "maxMs": 149.1777000000002
        }
      },
      "coldStart": {
        "sampleCount": 5,
        "loadEngine": {
          "avgMs": 637.94628,
          "p50Ms": 636.3210999999999,
          "p95Ms": 671.2636999999999,
          "minMs": 605.692,
          "maxMs": 671.2636999999999
        },
        "preprocess": {
          "avgMs": 1.6042199999999867,
          "p50Ms": 1.495300000000043,
          "p95Ms": 2.0515000000000327,
          "minMs": 1.4639999999999418,
          "maxMs": 2.0515000000000327
        },
        "embed": {
          "avgMs": 21.208260000000063,
          "p50Ms": 21.029800000000023,
          "p95Ms": 22.598400000000083,
          "minMs": 19.423900000000003,
          "maxMs": 22.598400000000083
        },
        "retrieval": {
          "avgMs": 107.06089999999999,
          "p50Ms": 116.7168999999999,
          "p95Ms": 124.26260000000002,
          "minMs": 84.35280000000012,
          "maxMs": 124.26260000000002
        },
        "total": {
          "avgMs": 767.81966,
          "p50Ms": 754.0756999999999,
          "p95Ms": 816.4141999999998,
          "minMs": 743.2993000000001,
          "maxMs": 816.4141999999998
        }
      }
    },
    {
      "datasetKey": "external_ood_50",
      "datasetLabel": "ExtOOD",
      "datasetAlias": "gran_ext_v2",
      "caseCount": 60,
      "coldSampleIndices": [
        0,
        12,
        24,
        36,
        48
      ],
      "warm": {
        "preprocess": {
          "avgMs": 0.13385833333353123,
          "p50Ms": 0.13220000000001164,
          "p95Ms": 0.19060000000172295,
          "minMs": 0.07310000000143191,
          "maxMs": 0.20709999999962747
        },
        "embed": {
          "avgMs": 9.603738333333846,
          "p50Ms": 9.043799999999464,
          "p95Ms": 16.08570000000327,
          "minMs": 5.112099999998463,
          "maxMs": 19.64770000000135
        },
        "retrieval": {
          "avgMs": 87.45055166666693,
          "p50Ms": 86.02309999999852,
          "p95Ms": 107.83779999999388,
          "minMs": 69.85069999999541,
          "maxMs": 118.56920000000537
        },
        "total": {
          "avgMs": 97.1881483333343,
          "p50Ms": 96.64160000000265,
          "p95Ms": 117.20440000000235,
          "minMs": 75.0538999999917,
          "maxMs": 124.69390000000567
        }
      },
      "coldStart": {
        "sampleCount": 5,
        "loadEngine": {
          "avgMs": 626.2835600000001,
          "p50Ms": 616.0457,
          "p95Ms": 648.3391,
          "minMs": 611.8395999999999,
          "maxMs": 648.3391
        },
        "preprocess": {
          "avgMs": 1.5787400000000162,
          "p50Ms": 1.467300000000023,
          "p95Ms": 2.005999999999858,
          "minMs": 1.3518000000001393,
          "maxMs": 2.005999999999858
        },
        "embed": {
          "avgMs": 27.674199999999974,
          "p50Ms": 21.605999999999995,
          "p95Ms": 53.41859999999997,
          "minMs": 19.62819999999988,
          "maxMs": 53.41859999999997
        },
        "retrieval": {
          "avgMs": 112.36370000000007,
          "p50Ms": 110.88879999999995,
          "p95Ms": 117.41480000000001,
          "minMs": 108.39990000000012,
          "maxMs": 117.41480000000001
        },
        "total": {
          "avgMs": 767.9002,
          "p50Ms": 769.8986000000001,
          "p95Ms": 789.0091000000001,
          "minMs": 749.4210000000002,
          "maxMs": 789.0091000000001
        }
      }
    }
  ]
}