{
  "generatedAt": "2026-03-27T04:25:51.761Z",
  "weights": {
    "Q": 0,
    "KP": 0.28571428571428575,
    "OT": 0.7142857142857143
  },
  "topHybridLimit": 1000,
  "kpAggregationMode": "max",
  "lexicalBonusMode": "sum",
  "kpRoleRerankMode": "feature",
  "kpRoleDocWeight": 0.35,
  "deltaSummary": {
    "total": 9,
    "hitAt1": 0.7777777777777778,
    "hitAt5": 0.8888888888888888,
    "mrr": 0.8412698412698413,
    "kpidHitAt1": 0.3333333333333333,
    "bySupportPattern": {
      "multi_kp": {
        "total": 8,
        "hitAt1": 0.75,
        "hitAt5": 0.875,
        "mrr": 0.8214285714285714,
        "kpidHitAt1": 0.375
      },
      "single_kp": {
        "total": 1,
        "hitAt1": 1,
        "hitAt5": 1,
        "mrr": 1,
        "kpidHitAt1": 0
      }
    }
  },
  "mergedSummary": {
    "total": 40,
    "hitAt1": 0.725,
    "hitAt5": 0.95,
    "mrr": 0.8324404761904762,
    "kpidHitAt1": 0.35,
    "bySupportPattern": {
      "single_kp": {
        "total": 16,
        "hitAt1": 0.5625,
        "hitAt5": 1,
        "mrr": 0.7708333333333334,
        "kpidHitAt1": 0.3125
      },
      "ot_required": {
        "total": 5,
        "hitAt1": 1,
        "hitAt5": 1,
        "mrr": 1,
        "kpidHitAt1": 0.2
      },
      "multi_kp": {
        "total": 19,
        "hitAt1": 0.7894736842105263,
        "hitAt5": 0.8947368421052632,
        "mrr": 0.8402255639097744,
        "kpidHitAt1": 0.42105263157894735
      }
    }
  }
}