{
  "total": 40,
  "overall": {
    "hitAt1": 0.85,
    "hitAt5": 0.975,
    "mrr": 0.8994444444444444,
    "kpidApplicable": 37,
    "kpidHitAt1": 0.6216216216216216,
    "kpidHitAt5": 0.7297297297297297,
    "kpidMrr": 0.6666666666666666
  },
  "multi_kp": {
    "total": 19,
    "hitAt1": 0.8947368421052632,
    "hitAt5": 0.9473684210526315,
    "mrr": 0.9111111111111111,
    "kpidApplicable": 19,
    "kpidHitAt1": 0.631578947368421,
    "kpidHitAt5": 0.631578947368421,
    "kpidMrr": 0.631578947368421
  }
}