{
  "total": 40,
  "overall": {
    "hitAt1": 0.825,
    "hitAt5": 0.975,
    "mrr": 0.8869444444444443,
    "kpidApplicable": 37,
    "kpidHitAt1": 0.5405405405405406,
    "kpidHitAt5": 0.6756756756756757,
    "kpidMrr": 0.5990990990990991
  },
  "multi_kp": {
    "total": 19,
    "hitAt1": 0.8421052631578947,
    "hitAt5": 0.9473684210526315,
    "mrr": 0.8847953216374268,
    "kpidApplicable": 19,
    "kpidHitAt1": 0.47368421052631576,
    "kpidHitAt5": 0.5263157894736842,
    "kpidMrr": 0.5
  }
}