{
  "total": 40,
  "overall": {
    "hitAt1": 0.8,
    "hitAt5": 0.975,
    "mrr": 0.8744444444444444,
    "kpidApplicable": 37,
    "kpidHitAt1": 0.5135135135135135,
    "kpidHitAt5": 0.6756756756756757,
    "kpidMrr": 0.5855855855855855
  },
  "multi_kp": {
    "total": 19,
    "hitAt1": 0.7894736842105263,
    "hitAt5": 0.9473684210526315,
    "mrr": 0.8584795321637426,
    "kpidApplicable": 19,
    "kpidHitAt1": 0.42105263157894735,
    "kpidHitAt5": 0.5263157894736842,
    "kpidMrr": 0.47368421052631576
  }
}