{
  "generatedAt": "2026-03-27T04:18:39.552Z",
  "weights": {
    "Q": 0,
    "KP": 0.28571428571428575,
    "OT": 0.7142857142857143
  },
  "topHybridLimit": 1000,
  "kpAggregationMode": "max",
  "lexicalBonusMode": "sum",
  "kpRoleRerankMode": "feature",
  "kpRoleDocWeight": 0.35,
  "deltaSummary": {
    "total": 9,
    "hitAt1": 0.6666666666666666,
    "hitAt5": 0.6666666666666666,
    "mrr": 0.675925925925926,
    "kpidHitAt1": 0.2222222222222222,
    "bySupportPattern": {
      "multi_kp": {
        "total": 8,
        "hitAt1": 0.625,
        "hitAt5": 0.625,
        "mrr": 0.6354166666666667,
        "kpidHitAt1": 0.25
      },
      "single_kp": {
        "total": 1,
        "hitAt1": 1,
        "hitAt5": 1,
        "mrr": 1,
        "kpidHitAt1": 0
      }
    }
  },
  "mergedSummary": {
    "total": 40,
    "hitAt1": 0.6,
    "hitAt5": 0.775,
    "mrr": 0.6827380952380951,
    "kpidHitAt1": 0.325,
    "bySupportPattern": {
      "single_kp": {
        "total": 16,
        "hitAt1": 0.5,
        "hitAt5": 0.875,
        "mrr": 0.6770833333333333,
        "kpidHitAt1": 0.3125
      },
      "ot_required": {
        "total": 5,
        "hitAt1": 0.8,
        "hitAt5": 0.8,
        "mrr": 0.8,
        "kpidHitAt1": 0.2
      },
      "multi_kp": {
        "total": 19,
        "hitAt1": 0.631578947368421,
        "hitAt5": 0.6842105263157895,
        "mrr": 0.656641604010025,
        "kpidHitAt1": 0.3684210526315789
      }
    }
  }
}