{
  "dataset": "test_dataset_granularity_multi_kp_round3_reviewed_merged.json",
  "weights": {
    "Q": 0,
    "KP": 0.28571428571428575,
    "OT": 0.7142857142857143
  },
  "overall": {
    "total": 40,
    "hitAt1": 0.525,
    "hitAt5": 0.775,
    "mrr": 0.6412608225108224,
    "kpidApplicable": 37,
    "kpidHitAt1": 0.32432432432432434,
    "kpidHitAt5": 0.5405405405405406,
    "kpidMrr": 0.4191236691236691
  },
  "bySupport": {
    "single_kp": {
      "total": 16,
      "hitAt1": 0.5,
      "hitAt5": 0.875,
      "mrr": 0.6770833333333333,
      "kpidApplicable": 16,
      "kpidHitAt1": 0.3125,
      "kpidHitAt5": 0.6875,
      "kpidMrr": 0.4895833333333333
    },
    "ot_required": {
      "total": 5,
      "hitAt1": 0.8,
      "hitAt5": 0.8,
      "mrr": 0.8,
      "kpidApplicable": 2,
      "kpidHitAt1": 0.5,
      "kpidHitAt5": 0.5,
      "kpidMrr": 0.5
    },
    "multi_kp": {
      "total": 19,
      "hitAt1": 0.47368421052631576,
      "hitAt5": 0.6842105263157895,
      "mrr": 0.5693210298473457,
      "kpidApplicable": 19,
      "kpidHitAt1": 0.3157894736842105,
      "kpidHitAt5": 0.42105263157894735,
      "kpidMrr": 0.3512759170653908
    }
  }
}