{
  "generatedAt": "2026-03-27T08:45:40.061Z",
  "datasetFile": "../Backend/test/test_dataset_granularity/test_dataset_granularity_multi_kp_round3_reviewed_merged.json",
  "docMetrics": {
    "total": 40,
    "hitAt1": 85,
    "hitAt3": 92.5,
    "hitAt5": 97.5,
    "mrr": 0.8973611111111112
  },
  "kpidMetrics": {
    "applicable": 37,
    "hitAt1": 62.16216216216216,
    "hitAt3": 70.27027027027027,
    "hitAt5": 72.97297297297297,
    "mrr": 0.6644144144144145
  }
}