{
  "generatedAt": "2026-03-27T04:23:49.746Z",
  "weights": {
    "Q": 0,
    "KP": 0.28571428571428575,
    "OT": 0.7142857142857143
  },
  "topHybridLimit": 1000,
  "kpAggregationMode": "max",
  "lexicalBonusMode": "sum",
  "kpRoleRerankMode": "feature",
  "kpRoleDocWeight": 0.35,
  "deltaSummary": {
    "total": 9,
    "hitAt1": 0.6666666666666666,
    "hitAt5": 0.8888888888888888,
    "mrr": 0.7839506172839505,
    "kpidHitAt1": 0.2222222222222222,
    "bySupportPattern": {
      "multi_kp": {
        "total": 8,
        "hitAt1": 0.625,
        "hitAt5": 0.875,
        "mrr": 0.7569444444444444,
        "kpidHitAt1": 0.25
      },
      "single_kp": {
        "total": 1,
        "hitAt1": 1,
        "hitAt5": 1,
        "mrr": 1,
        "kpidHitAt1": 0
      }
    }
  },
  "mergedSummary": {
    "total": 40,
    "hitAt1": 0.675,
    "hitAt5": 0.95,
    "mrr": 0.8070436507936509,
    "kpidHitAt1": 0.3,
    "bySupportPattern": {
      "single_kp": {
        "total": 16,
        "hitAt1": 0.5625,
        "hitAt5": 1,
        "mrr": 0.7708333333333334,
        "kpidHitAt1": 0.3125
      },
      "ot_required": {
        "total": 5,
        "hitAt1": 0.8,
        "hitAt5": 1,
        "mrr": 0.9,
        "kpidHitAt1": 0
      },
      "multi_kp": {
        "total": 19,
        "hitAt1": 0.7368421052631579,
        "hitAt5": 0.8947368421052632,
        "mrr": 0.8130743525480367,
        "kpidHitAt1": 0.3684210526315789
      }
    }
  }
}