{
  "total": 40,
  "overall": {
    "hitAt1": 0.775,
    "hitAt5": 0.925,
    "mrr": 0.8405641554867561,
    "kpidApplicable": 37,
    "kpidHitAt1": 0.5135135135135135,
    "kpidHitAt5": 0.6486486486486487,
    "kpidMrr": 0.5745627980922098
  },
  "multi_kp": {
    "total": 19,
    "hitAt1": 0.8421052631578947,
    "hitAt5": 0.9473684210526315,
    "mrr": 0.8847953216374268,
    "kpidApplicable": 19,
    "kpidHitAt1": 0.47368421052631576,
    "kpidHitAt5": 0.5263157894736842,
    "kpidMrr": 0.5
  }
}