{
  "generatedAt": "2026-03-25T04:38:44.520Z",
  "datasetSizes": {
    "test_dataset_standard": 200,
    "test_dataset_short_keyword": 200,
    "test_dataset_situational": 200
  },
  "modes": [
    {
      "label": "baseline_current_rules",
      "metricsByDataset": {
        "test_dataset_standard": {
          "total": 200,
          "hitAt1": 79,
          "hitAt3": 85.5,
          "hitAt5": 85.5,
          "mrr": 0.8216666666666665
        },
        "test_dataset_short_keyword": {
          "total": 200,
          "hitAt1": 75,
          "hitAt3": 84,
          "hitAt5": 84.5,
          "mrr": 0.7929166666666666
        },
        "test_dataset_situational": {
          "total": 200,
          "hitAt1": 73.5,
          "hitAt3": 83.5,
          "hitAt5": 84,
          "mrr": 0.7855024509803922
        }
      },
      "combined": {
        "total": 600,
        "hitAt1": 75.83333333333333,
        "hitAt3": 84.33333333333334,
        "hitAt5": 84.66666666666667,
        "mrr": 0.8000285947712418
      }
    },
    {
      "label": "no_intent_prefilter",
      "metricsByDataset": {
        "test_dataset_standard": {
          "total": 200,
          "hitAt1": 79,
          "hitAt3": 85.5,
          "hitAt5": 85.5,
          "mrr": 0.821875
        },
        "test_dataset_short_keyword": {
          "total": 200,
          "hitAt1": 75,
          "hitAt3": 83.5,
          "hitAt5": 84.5,
          "mrr": 0.7931787330316742
        },
        "test_dataset_situational": {
          "total": 200,
          "hitAt1": 73.5,
          "hitAt3": 83.5,
          "hitAt5": 84,
          "mrr": 0.7857208333333332
        }
      },
      "combined": {
        "total": 600,
        "hitAt1": 75.83333333333333,
        "hitAt3": 84.16666666666667,
        "hitAt5": 84.66666666666667,
        "mrr": 0.8002581887883359
      }
    },
    {
      "label": "no_intent_match_conflict",
      "metricsByDataset": {
        "test_dataset_standard": {
          "total": 200,
          "hitAt1": 79,
          "hitAt3": 85.5,
          "hitAt5": 85.5,
          "mrr": 0.8216666666666665
        },
        "test_dataset_short_keyword": {
          "total": 200,
          "hitAt1": 75,
          "hitAt3": 83.5,
          "hitAt5": 84,
          "mrr": 0.7920833333333333
        },
        "test_dataset_situational": {
          "total": 200,
          "hitAt1": 73.5,
          "hitAt3": 83.5,
          "hitAt5": 84,
          "mrr": 0.7855024509803922
        }
      },
      "combined": {
        "total": 600,
        "hitAt1": 75.83333333333333,
        "hitAt3": 84.16666666666667,
        "hitAt5": 84.5,
        "mrr": 0.799750816993464
      }
    },
    {
      "label": "no_intent_specialization",
      "metricsByDataset": {
        "test_dataset_standard": {
          "total": 200,
          "hitAt1": 79,
          "hitAt3": 85.5,
          "hitAt5": 85.5,
          "mrr": 0.8216666666666665
        },
        "test_dataset_short_keyword": {
          "total": 200,
          "hitAt1": 75.5,
          "hitAt3": 84,
          "hitAt5": 84.5,
          "mrr": 0.79625
        },
        "test_dataset_situational": {
          "total": 200,
          "hitAt1": 74.5,
          "hitAt3": 84.5,
          "hitAt5": 85,
          "mrr": 0.7945833333333333
        }
      },
      "combined": {
        "total": 600,
        "hitAt1": 76.33333333333333,
        "hitAt3": 84.66666666666667,
        "hitAt5": 85,
        "mrr": 0.8041666666666667
      }
    },
    {
      "label": "no_degree_rules",
      "metricsByDataset": {
        "test_dataset_standard": {
          "total": 200,
          "hitAt1": 79,
          "hitAt3": 85.5,
          "hitAt5": 85.5,
          "mrr": 0.8216666666666665
        },
        "test_dataset_short_keyword": {
          "total": 200,
          "hitAt1": 75,
          "hitAt3": 84,
          "hitAt5": 84.5,
          "mrr": 0.7929166666666666
        },
        "test_dataset_situational": {
          "total": 200,
          "hitAt1": 74.5,
          "hitAt3": 83.5,
          "hitAt5": 84,
          "mrr": 0.7913357843137254
        }
      },
      "combined": {
        "total": 600,
        "hitAt1": 76.16666666666667,
        "hitAt3": 84.33333333333334,
        "hitAt5": 84.66666666666667,
        "mrr": 0.8019730392156863
      }
    },
    {
      "label": "no_event_rules",
      "metricsByDataset": {
        "test_dataset_standard": {
          "total": 200,
          "hitAt1": 79.5,
          "hitAt3": 85.5,
          "hitAt5": 85.5,
          "mrr": 0.8241666666666666
        },
        "test_dataset_short_keyword": {
          "total": 200,
          "hitAt1": 77.5,
          "hitAt3": 84.5,
          "hitAt5": 84.5,
          "mrr": 0.8066666666666665
        },
        "test_dataset_situational": {
          "total": 200,
          "hitAt1": 74,
          "hitAt3": 83.5,
          "hitAt5": 84,
          "mrr": 0.7880024509803921
        }
      },
      "combined": {
        "total": 600,
        "hitAt1": 77,
        "hitAt3": 84.5,
        "hitAt5": 84.66666666666667,
        "mrr": 0.8062785947712418
      }
    },
    {
      "label": "no_generic_event_match_boost",
      "metricsByDataset": {
        "test_dataset_standard": {
          "total": 200,
          "hitAt1": 79,
          "hitAt3": 85.5,
          "hitAt5": 85.5,
          "mrr": 0.8216666666666665
        },
        "test_dataset_short_keyword": {
          "total": 200,
          "hitAt1": 75.5,
          "hitAt3": 84.5,
          "hitAt5": 84.5,
          "mrr": 0.7958333333333333
        },
        "test_dataset_situational": {
          "total": 200,
          "hitAt1": 74,
          "hitAt3": 83.5,
          "hitAt5": 84,
          "mrr": 0.7880024509803921
        }
      },
      "combined": {
        "total": 600,
        "hitAt1": 76.16666666666667,
        "hitAt3": 84.5,
        "hitAt5": 84.66666666666667,
        "mrr": 0.8018341503267973
      }
    },
    {
      "label": "no_generic_event_mismatch_penalty",
      "metricsByDataset": {
        "test_dataset_standard": {
          "total": 200,
          "hitAt1": 80.5,
          "hitAt3": 85.5,
          "hitAt5": 85.5,
          "mrr": 0.8291666666666666
        },
        "test_dataset_short_keyword": {
          "total": 200,
          "hitAt1": 76,
          "hitAt3": 84.5,
          "hitAt5": 84.5,
          "mrr": 0.7983333333333333
        },
        "test_dataset_situational": {
          "total": 200,
          "hitAt1": 74,
          "hitAt3": 83.5,
          "hitAt5": 84,
          "mrr": 0.7880024509803921
        }
      },
      "combined": {
        "total": 600,
        "hitAt1": 76.83333333333333,
        "hitAt3": 84.5,
        "hitAt5": 84.66666666666667,
        "mrr": 0.8051674836601307
      }
    },
    {
      "label": "soften_generic_event_mismatch_080",
      "metricsByDataset": {
        "test_dataset_standard": {
          "total": 200,
          "hitAt1": 79,
          "hitAt3": 85.5,
          "hitAt5": 85.5,
          "mrr": 0.8216666666666665
        },
        "test_dataset_short_keyword": {
          "total": 200,
          "hitAt1": 75,
          "hitAt3": 84,
          "hitAt5": 84.5,
          "mrr": 0.7929166666666666
        },
        "test_dataset_situational": {
          "total": 200,
          "hitAt1": 73.5,
          "hitAt3": 83.5,
          "hitAt5": 84,
          "mrr": 0.7855024509803922
        }
      },
      "combined": {
        "total": 600,
        "hitAt1": 75.83333333333333,
        "hitAt3": 84.33333333333334,
        "hitAt5": 84.66666666666667,
        "mrr": 0.8000285947712418
      }
    },
    {
      "label": "no_preferred_event_boost",
      "metricsByDataset": {
        "test_dataset_standard": {
          "total": 200,
          "hitAt1": 79,
          "hitAt3": 85.5,
          "hitAt5": 85.5,
          "mrr": 0.8216666666666665
        },
        "test_dataset_short_keyword": {
          "total": 200,
          "hitAt1": 75,