{
  "generatedAt": "2026-03-24T14:49:20.438Z",
  "datasetSizes": {
    "test_dataset_standard": 200,
    "test_dataset_short_keyword": 200,
    "test_dataset_situational": 200
  },
  "modes": [
    {
      "label": "baseline_current_rules",
      "metricsByDataset": {
        "test_dataset_standard": {
          "total": 200,
          "hitAt1": 61,
          "hitAt3": 72.5,
          "hitAt5": 77.5,
          "mrr": 0.686466443837773
        },
        "test_dataset_short_keyword": {
          "total": 200,
          "hitAt1": 34,
          "hitAt3": 49.5,
          "hitAt5": 56.00000000000001,
          "mrr": 0.4454131240022023
        },
        "test_dataset_situational": {
          "total": 200,
          "hitAt1": 40,
          "hitAt3": 56.99999999999999,
          "hitAt5": 63,
          "mrr": 0.5093596101990734
        }
      },
      "combined": {
        "total": 600,
        "hitAt1": 45,
        "hitAt3": 59.66666666666667,
        "hitAt5": 65.5,
        "mrr": 0.5470797260130159
      }
    },
    {
      "label": "no_intent_prefilter",
      "metricsByDataset": {
        "test_dataset_standard": {
          "total": 200,
          "hitAt1": 61,
          "hitAt3": 72.5,
          "hitAt5": 77.5,
          "mrr": 0.686845975653475
        },
        "test_dataset_short_keyword": {
          "total": 200,
          "hitAt1": 34,
          "hitAt3": 49.5,
          "hitAt5": 56.00000000000001,
          "mrr": 0.44534698859853145
        },
        "test_dataset_situational": {
          "total": 200,
          "hitAt1": 40,
          "hitAt3": 56.99999999999999,
          "hitAt5": 63,
          "mrr": 0.5091205116055735
        }
      },
      "combined": {
        "total": 600,
        "hitAt1": 45,
        "hitAt3": 59.66666666666667,
        "hitAt5": 65.5,
        "mrr": 0.5471044919525264
      }
    },
    {
      "label": "no_intent_match_conflict",
      "metricsByDataset": {
        "test_dataset_standard": {
          "total": 200,
          "hitAt1": 61,
          "hitAt3": 72.5,
          "hitAt5": 77.5,
          "mrr": 0.6864400052226247
        },
        "test_dataset_short_keyword": {
          "total": 200,
          "hitAt1": 33.5,
          "hitAt3": 49.5,
          "hitAt5": 56.00000000000001,
          "mrr": 0.44264635390846185
        },
        "test_dataset_situational": {
          "total": 200,
          "hitAt1": 40,
          "hitAt3": 56.99999999999999,
          "hitAt5": 63,
          "mrr": 0.5089886554524002
        }
      },
      "combined": {
        "total": 600,
        "hitAt1": 44.83333333333333,
        "hitAt3": 59.66666666666667,
        "hitAt5": 65.5,
        "mrr": 0.5460250048611621
      }
    },
    {
      "label": "no_intent_specialization",
      "metricsByDataset": {
        "test_dataset_standard": {
          "total": 200,
          "hitAt1": 61.5,
          "hitAt3": 73,
          "hitAt5": 78,
          "mrr": 0.69096018992908
        },
        "test_dataset_short_keyword": {
          "total": 200,
          "hitAt1": 34,
          "hitAt3": 49.5,
          "hitAt5": 56.00000000000001,
          "mrr": 0.4450563950829733
        },
        "test_dataset_situational": {
          "total": 200,
          "hitAt1": 40,
          "hitAt3": 56.99999999999999,
          "hitAt5": 63,
          "mrr": 0.5093477133948972
        }
      },
      "combined": {
        "total": 600,
        "hitAt1": 45.166666666666664,
        "hitAt3": 59.833333333333336,
        "hitAt5": 65.66666666666666,
        "mrr": 0.5484547661356498
      }
    },
    {
      "label": "no_degree_rules",
      "metricsByDataset": {
        "test_dataset_standard": {
          "total": 200,
          "hitAt1": 60.5,
          "hitAt3": 72.5,
          "hitAt5": 77.5,
          "mrr": 0.6827616782295115
        },
        "test_dataset_short_keyword": {
          "total": 200,
          "hitAt1": 34,
          "hitAt3": 49,
          "hitAt5": 56.00000000000001,
          "mrr": 0.4446324268194071
        },
        "test_dataset_situational": {
          "total": 200,
          "hitAt1": 40,
          "hitAt3": 56.49999999999999,
          "hitAt5": 63,
          "mrr": 0.5088711126303956
        }
      },
      "combined": {
        "total": 600,
        "hitAt1": 44.83333333333333,
        "hitAt3": 59.333333333333336,
        "hitAt5": 65.5,
        "mrr": 0.545421739226438
      }
    },
    {
      "label": "no_event_rules",
      "metricsByDataset": {
        "test_dataset_standard": {
          "total": 200,
          "hitAt1": 62.5,
          "hitAt3": 73.5,
          "hitAt5": 77.5,
          "mrr": 0.6979690755352317
        },
        "test_dataset_short_keyword": {
          "total": 200,
          "hitAt1": 33.5,
          "hitAt3": 50.5,
          "hitAt5": 57.49999999999999,
          "mrr": 0.4447698900769006
        },
        "test_dataset_situational": {
          "total": 200,
          "hitAt1": 42,
          "hitAt3": 58.5,
          "hitAt5": 66,
          "mrr": 0.5280213578941557
        }
      },
      "combined": {
        "total": 600,
        "hitAt1": 46,
        "hitAt3": 60.83333333333333,
        "hitAt5": 67,
        "mrr": 0.5569201078354287
      }
    },
    {
      "label": "no_latest_timestamp_decay",
      "metricsByDataset": {
        "test_dataset_standard": {
          "total": 200,
          "hitAt1": 61.5,
          "hitAt3": 76.5,
          "hitAt5": 83.5,
          "mrr": 0.7097236946633231
        },
        "test_dataset_short_keyword": {
          "total": 200,
          "hitAt1": 36.5,
          "hitAt3": 55.50000000000001,
          "hitAt5": 62.5,
          "mrr": 0.48958433793353445
        },
        "test_dataset_situational": {
          "total": 200,
          "hitAt1": 42.5,
          "hitAt3": 62,
          "hitAt5": 70.5,
          "mrr": 0.5493048675418363
        }
      },
      "combined": {
        "total": 600,
        "hitAt1": 46.833333333333336,
        "hitAt3": 64.66666666666666,
        "hitAt5": 72.16666666666667,
        "mrr": 0.5828709667128973
      }
    },
    {
      "label": "no_latest_year_boost",
      "metricsByDataset": {
        "test_dataset_standard": {
          "total": 200,
          "hitAt1": 62,
          "hitAt3": 75,
          "hitAt5": 79,
          "mrr": 0.6991663466475478
        },
        "test_dataset_short_keyword": {
          "total": 200,
          "hitAt1": 35.5,
          "hitAt3": 50.5,
          "hitAt5": 57.49999999999999,
          "mrr": 0.4638184509675332
        },
        "test_dataset_situational": {
          "total": 200,
          "hitAt1": 41.5,
          "hitAt3": 58.5,
          "hitAt5": 65.5,
          "mrr": 0.5253657536026846
        }
      },
      "combined": {
        "total": 600,
        "hitAt1": 46.33333333333333,
        "hitAt3": 61.33333333333333,
        "hitAt5": 67.33333333333333,
        "mrr": 0.5627835170725882
      }
    },
    {
      "label": "no_latest_rules",
      "metricsByDataset": {
        "test_dataset_standard": {
          "total": 200,
          "hitAt1": 65,
          "hitAt3": 81,
          "hitAt5": 87.5,
          "mrr": 0.7441534084680369
        },
        "test_dataset_short_keyword": {
          "total": 200,
          "hitAt1": 40,
          "hitAt3": 64,
          "hitAt5": 70.5,
          "mrr": 0.5432205995898705
        },
        "test_dataset_situational": {
          "total": 200,
          "hitAt1": 48.5,
          "hitAt3": 70,
          "hitAt5": 76.5,
          "mrr": 0.6120224464150862
        }
      },
      "combined": {
        "total": 600,
        "hitAt1": 51.16666666666667,
        "hitAt3": 71.66666666666667,
        "hitAt5": 78.16666666666666,
        "mrr": 0.6331321514909977
      }
    },
    {
      "label": "no_year_rules",
      "metricsByDataset": {
        "test_dataset_standard": {
          "total": 200,
          "hitAt1": 55.00000000000001,
          "hitAt3": 72,
          "hitAt5": 79,