{
  "generatedAt": "2026-03-24T15:00:59.823Z",
  "datasetSizes": {
    "test_dataset_standard": 200,
    "test_dataset_short_keyword": 200,
    "test_dataset_situational": 200
  },
  "modes": [
    {
      "label": "baseline_current_rules",
      "metricsByDataset": {
        "test_dataset_standard": {
          "total": 200,
          "hitAt1": 61.5,
          "hitAt3": 76.5,
          "hitAt5": 83.5,
          "mrr": 0.7097236946633231
        },
        "test_dataset_short_keyword": {
          "total": 200,
          "hitAt1": 36.5,
          "hitAt3": 55.50000000000001,
          "hitAt5": 62.5,
          "mrr": 0.48958433793353445
        },
        "test_dataset_situational": {
          "total": 200,
          "hitAt1": 42.5,
          "hitAt3": 62,
          "hitAt5": 70.5,
          "mrr": 0.5493048675418363
        }
      },
      "combined": {
        "total": 600,
        "hitAt1": 46.833333333333336,
        "hitAt3": 64.66666666666666,
        "hitAt5": 72.16666666666667,
        "mrr": 0.5828709667128973
      }
    },
    {
      "label": "no_intent_prefilter",
      "metricsByDataset": {
        "test_dataset_standard": {
          "total": 200,
          "hitAt1": 61.5,
          "hitAt3": 76.5,
          "hitAt5": 83.5,
          "mrr": 0.7101782401178685
        },
        "test_dataset_short_keyword": {
          "total": 200,
          "hitAt1": 36.5,
          "hitAt3": 55.50000000000001,
          "hitAt5": 62,
          "mrr": 0.48944479889459785
        },
        "test_dataset_situational": {
          "total": 200,
          "hitAt1": 42.5,
          "hitAt3": 62,
          "hitAt5": 70.5,
          "mrr": 0.5491327583004335
        }
      },
      "combined": {
        "total": 600,
        "hitAt1": 46.833333333333336,
        "hitAt3": 64.66666666666666,
        "hitAt5": 72,
        "mrr": 0.5829185991042992
      }
    },
    {
      "label": "no_intent_match_conflict",
      "metricsByDataset": {
        "test_dataset_standard": {
          "total": 200,
          "hitAt1": 61.5,
          "hitAt3": 76.5,
          "hitAt5": 83.5,
          "mrr": 0.709473694663323
        },
        "test_dataset_short_keyword": {
          "total": 200,
          "hitAt1": 36,
          "hitAt3": 55.50000000000001,
          "hitAt5": 62.5,
          "mrr": 0.48699617814327234
        },
        "test_dataset_situational": {
          "total": 200,
          "hitAt1": 42.5,
          "hitAt3": 62,
          "hitAt5": 70.5,
          "mrr": 0.5491036732247587
        }
      },
      "combined": {
        "total": 600,
        "hitAt1": 46.666666666666664,
        "hitAt3": 64.66666666666666,
        "hitAt5": 72.16666666666667,
        "mrr": 0.5818578486771173
      }
    },
    {
      "label": "no_intent_specialization",
      "metricsByDataset": {
        "test_dataset_standard": {
          "total": 200,
          "hitAt1": 62,
          "hitAt3": 77,
          "hitAt5": 84,
          "mrr": 0.7142236946633231
        },
        "test_dataset_short_keyword": {
          "total": 200,
          "hitAt1": 36.5,
          "hitAt3": 55.50000000000001,
          "hitAt5": 62.5,
          "mrr": 0.49016796517230865
        },
        "test_dataset_situational": {
          "total": 200,
          "hitAt1": 42.5,
          "hitAt3": 62,
          "hitAt5": 70.5,
          "mrr": 0.5499458931828619
        }
      },
      "combined": {
        "total": 600,
        "hitAt1": 47,
        "hitAt3": 64.83333333333333,
        "hitAt5": 72.33333333333334,
        "mrr": 0.5847791843394973
      }
    },
    {
      "label": "no_degree_rules",
      "metricsByDataset": {
        "test_dataset_standard": {
          "total": 200,
          "hitAt1": 61,
          "hitAt3": 76,
          "hitAt5": 83.5,
          "mrr": 0.7047951220710408
        },
        "test_dataset_short_keyword": {
          "total": 200,
          "hitAt1": 36.5,
          "hitAt3": 55.00000000000001,
          "hitAt5": 62,
          "mrr": 0.48857669088562894
        },
        "test_dataset_situational": {
          "total": 200,
          "hitAt1": 42.5,
          "hitAt3": 61.5,
          "hitAt5": 70.5,
          "mrr": 0.5488738523920711
        }
      },
      "combined": {
        "total": 600,
        "hitAt1": 46.666666666666664,
        "hitAt3": 64.16666666666667,
        "hitAt5": 72,
        "mrr": 0.5807485551162462
      }
    },
    {
      "label": "no_event_rules",
      "metricsByDataset": {
        "test_dataset_standard": {
          "total": 200,
          "hitAt1": 63,
          "hitAt3": 76.5,
          "hitAt5": 84.5,
          "mrr": 0.721017064665197
        },
        "test_dataset_short_keyword": {
          "total": 200,
          "hitAt1": 37.5,
          "hitAt3": 56.00000000000001,
          "hitAt5": 64.5,
          "mrr": 0.4959560752224965
        },
        "test_dataset_situational": {
          "total": 200,
          "hitAt1": 44,
          "hitAt3": 63.5,
          "hitAt5": 74,
          "mrr": 0.5665538928012918
        }
      },
      "combined": {
        "total": 600,
        "hitAt1": 48.16666666666667,
        "hitAt3": 65.33333333333333,
        "hitAt5": 74.33333333333333,
        "mrr": 0.5945090108963278
      }
    },
    {
      "label": "no_generic_event_match_boost",
      "metricsByDataset": {
        "test_dataset_standard": {
          "total": 200,
          "hitAt1": 61.5,
          "hitAt3": 76,
          "hitAt5": 84,
          "mrr": 0.7108290167921747
        },
        "test_dataset_short_keyword": {
          "total": 200,
          "hitAt1": 37,
          "hitAt3": 55.50000000000001,
          "hitAt5": 62.5,
          "mrr": 0.49344400609313305
        },
        "test_dataset_situational": {
          "total": 200,
          "hitAt1": 43.5,
          "hitAt3": 62.5,
          "hitAt5": 71.5,
          "mrr": 0.5577656999393792
        }
      },
      "combined": {
        "total": 600,
        "hitAt1": 47.333333333333336,
        "hitAt3": 64.66666666666666,
        "hitAt5": 72.66666666666667,
        "mrr": 0.5873462409415615
      }
    },
    {
      "label": "no_generic_event_mismatch_penalty",
      "metricsByDataset": {
        "test_dataset_standard": {
          "total": 200,
          "hitAt1": 63,
          "hitAt3": 76.5,
          "hitAt5": 84.5,
          "mrr": 0.7211163834038453
        },
        "test_dataset_short_keyword": {
          "total": 200,
          "hitAt1": 37.5,
          "hitAt3": 56.49999999999999,
          "hitAt5": 63.5,
          "mrr": 0.496616212521859
        },
        "test_dataset_situational": {
          "total": 200,
          "hitAt1": 44,
          "hitAt3": 64.5,
          "hitAt5": 73.5,
          "mrr": 0.5643529904829286
        }
      },
      "combined": {
        "total": 600,
        "hitAt1": 48.16666666666667,
        "hitAt3": 65.83333333333333,
        "hitAt5": 73.83333333333333,
        "mrr": 0.5940285288028769
      }
    },
    {
      "label": "soften_generic_event_mismatch_080",
      "metricsByDataset": {
        "test_dataset_standard": {
          "total": 200,
          "hitAt1": 62,
          "hitAt3": 77,
          "hitAt5": 84,
          "mrr": 0.7150517066493701
        },
        "test_dataset_short_keyword": {
          "total": 200,
          "hitAt1": 37.5,
          "hitAt3": 56.49999999999999,
          "hitAt5": 63.5,
          "mrr": 0.4962992631238386
        },
        "test_dataset_situational": {
          "total": 200,
          "hitAt1": 44,
          "hitAt3": 63,
          "hitAt5": 72,
          "mrr": 0.5614856478500068
        }
      },
      "combined": {
        "total": 600,
        "hitAt1": 47.833333333333336,
        "hitAt3": 65.5,
        "hitAt5": 73.16666666666667,
        "mrr": 0.590945539207738
      }
    },
    {
      "label": "no_preferred_event_boost",
      "metricsByDataset": {
        "test_dataset_standard": {
          "total": 200,
          "hitAt1": 61.5,