{
  "generatedAt": "2026-03-24T15:08:24.903Z",
  "datasetSizes": {
    "test_dataset_standard": 200,
    "test_dataset_short_keyword": 200,
    "test_dataset_situational": 200
  },
  "modes": [
    {
      "label": "baseline_current_rules",
      "metricsByDataset": {
        "test_dataset_standard": {
          "total": 200,
          "hitAt1": 62,
          "hitAt3": 77,
          "hitAt5": 84,
          "mrr": 0.7150517066493701
        },
        "test_dataset_short_keyword": {
          "total": 200,
          "hitAt1": 37.5,
          "hitAt3": 56.49999999999999,
          "hitAt5": 63.5,
          "mrr": 0.4962992631238386
        },
        "test_dataset_situational": {
          "total": 200,
          "hitAt1": 44,
          "hitAt3": 63,
          "hitAt5": 72,
          "mrr": 0.5614856478500068
        }
      },
      "combined": {
        "total": 600,
        "hitAt1": 47.833333333333336,
        "hitAt3": 65.5,
        "hitAt5": 73.16666666666667,
        "mrr": 0.590945539207738
      }
    },
    {
      "label": "no_intent_prefilter",
      "metricsByDataset": {
        "test_dataset_standard": {
          "total": 200,
          "hitAt1": 62,
          "hitAt3": 77,
          "hitAt5": 84,
          "mrr": 0.7155062521039155
        },
        "test_dataset_short_keyword": {
          "total": 200,
          "hitAt1": 37.5,
          "hitAt3": 56.49999999999999,
          "hitAt5": 63,
          "mrr": 0.496148135572732
        },
        "test_dataset_situational": {
          "total": 200,
          "hitAt1": 44,
          "hitAt3": 63,
          "hitAt5": 72,
          "mrr": 0.5613138820151974
        }
      },
      "combined": {
        "total": 600,
        "hitAt1": 47.833333333333336,
        "hitAt3": 65.5,
        "hitAt5": 73,
        "mrr": 0.5909894232306144
      }
    },
    {
      "label": "no_intent_match_conflict",
      "metricsByDataset": {
        "test_dataset_standard": {
          "total": 200,
          "hitAt1": 62,
          "hitAt3": 77,
          "hitAt5": 84,
          "mrr": 0.71480170664937
        },
        "test_dataset_short_keyword": {
          "total": 200,
          "hitAt1": 37,
          "hitAt3": 56.49999999999999,
          "hitAt5": 63.5,
          "mrr": 0.49371110333357654
        },
        "test_dataset_situational": {
          "total": 200,
          "hitAt1": 44,
          "hitAt3": 63,
          "hitAt5": 72,
          "mrr": 0.561290019862025
        }
      },
      "combined": {
        "total": 600,
        "hitAt1": 47.66666666666667,
        "hitAt3": 65.5,
        "hitAt5": 73.16666666666667,
        "mrr": 0.5899342766149899
      }
    },
    {
      "label": "no_intent_specialization",
      "metricsByDataset": {
        "test_dataset_standard": {
          "total": 200,
          "hitAt1": 62.5,
          "hitAt3": 77.5,
          "hitAt5": 84.5,
          "mrr": 0.71955170664937
        },
        "test_dataset_short_keyword": {
          "total": 200,
          "hitAt1": 37.5,
          "hitAt3": 56.49999999999999,
          "hitAt5": 63.5,
          "mrr": 0.4968682704795719
        },
        "test_dataset_situational": {
          "total": 200,
          "hitAt1": 44,
          "hitAt3": 63,
          "hitAt5": 72,
          "mrr": 0.5621404097547686
        }
      },
      "combined": {
        "total": 600,
        "hitAt1": 48,
        "hitAt3": 65.66666666666666,
        "hitAt5": 73.33333333333333,
        "mrr": 0.5928534622945698
      }
    },
    {
      "label": "no_degree_rules",
      "metricsByDataset": {
        "test_dataset_standard": {
          "total": 200,
          "hitAt1": 61.5,
          "hitAt3": 76.5,
          "hitAt5": 84,
          "mrr": 0.7101509560158307
        },
        "test_dataset_short_keyword": {
          "total": 200,
          "hitAt1": 37.5,
          "hitAt3": 56.00000000000001,
          "hitAt5": 63,
          "mrr": 0.49528791858488863
        },
        "test_dataset_situational": {
          "total": 200,
          "hitAt1": 44,
          "hitAt3": 62.5,
          "hitAt5": 72,
          "mrr": 0.5610193982231968
        }
      },
      "combined": {
        "total": 600,
        "hitAt1": 47.66666666666667,
        "hitAt3": 65,
        "hitAt5": 73,
        "mrr": 0.5888194242746382
      }
    },
    {
      "label": "no_event_rules",
      "metricsByDataset": {
        "test_dataset_standard": {
          "total": 200,
          "hitAt1": 63,
          "hitAt3": 76.5,
          "hitAt5": 84.5,
          "mrr": 0.721017064665197
        },
        "test_dataset_short_keyword": {
          "total": 200,
          "hitAt1": 37.5,
          "hitAt3": 56.00000000000001,
          "hitAt5": 64.5,
          "mrr": 0.4959560752224965
        },
        "test_dataset_situational": {
          "total": 200,
          "hitAt1": 44,
          "hitAt3": 63.5,
          "hitAt5": 74,
          "mrr": 0.5665538928012918
        }
      },
      "combined": {
        "total": 600,
        "hitAt1": 48.16666666666667,
        "hitAt3": 65.33333333333333,
        "hitAt5": 74.33333333333333,
        "mrr": 0.5945090108963278
      }
    },
    {
      "label": "no_generic_event_match_boost",
      "metricsByDataset": {
        "test_dataset_standard": {
          "total": 200,
          "hitAt1": 62.5,
          "hitAt3": 77.5,
          "hitAt5": 84.5,
          "mrr": 0.7194912281468148
        },
        "test_dataset_short_keyword": {
          "total": 200,
          "hitAt1": 37.5,
          "hitAt3": 56.49999999999999,
          "hitAt5": 63.5,
          "mrr": 0.4967590575931143
        },
        "test_dataset_situational": {
          "total": 200,
          "hitAt1": 44,
          "hitAt3": 63,
          "hitAt5": 72.5,
          "mrr": 0.5621313751082101
        }
      },
      "combined": {
        "total": 600,
        "hitAt1": 48,
        "hitAt3": 65.66666666666666,
        "hitAt5": 73.5,
        "mrr": 0.5927938869493792
      }
    },
    {
      "label": "no_generic_event_mismatch_penalty",
      "metricsByDataset": {
        "test_dataset_standard": {
          "total": 200,
          "hitAt1": 63,
          "hitAt3": 76.5,
          "hitAt5": 84.5,
          "mrr": 0.7211163834038453
        },
        "test_dataset_short_keyword": {
          "total": 200,
          "hitAt1": 37.5,
          "hitAt3": 56.49999999999999,
          "hitAt5": 63.5,
          "mrr": 0.496616212521859
        },
        "test_dataset_situational": {
          "total": 200,
          "hitAt1": 44,
          "hitAt3": 64.5,
          "hitAt5": 73.5,
          "mrr": 0.5643529904829286
        }
      },
      "combined": {
        "total": 600,
        "hitAt1": 48.16666666666667,
        "hitAt3": 65.83333333333333,
        "hitAt5": 73.83333333333333,
        "mrr": 0.5940285288028769
      }
    },
    {
      "label": "soften_generic_event_mismatch_080",
      "metricsByDataset": {
        "test_dataset_standard": {
          "total": 200,
          "hitAt1": 62,
          "hitAt3": 77,
          "hitAt5": 84,
          "mrr": 0.7150517066493701
        },
        "test_dataset_short_keyword": {
          "total": 200,
          "hitAt1": 37.5,
          "hitAt3": 56.49999999999999,
          "hitAt5": 63.5,
          "mrr": 0.4962992631238386
        },
        "test_dataset_situational": {
          "total": 200,
          "hitAt1": 44,
          "hitAt3": 63,
          "hitAt5": 72,
          "mrr": 0.5614856478500068
        }
      },
      "combined": {
        "total": 600,
        "hitAt1": 47.833333333333336,
        "hitAt3": 65.5,
        "hitAt5": 73.16666666666667,
        "mrr": 0.590945539207738
      }
    },
    {
      "label": "no_preferred_event_boost",
      "metricsByDataset": {
        "test_dataset_standard": {
          "total": 200,
          "hitAt1": 62,
          "hitAt3": 77,
          "hitAt5": 84,
          "mrr": 0.7150517066493701
        },